pregunta,intencion
"Hola, ¿cuál es el precio del título decorativo?",precio
"Disculpa, ¿cuál es el costo del título universitario?",precio
¿Cuál es el precio del título decorativo?,precio
"Disculpa, ¿cuál es el precio del título decorativo?",precio
¿El título digital es gratuito?,precio
"Disculpa, ¿cuál es el precio del título decorativo?",precio
"Hola, ¿cuánto cuesta el trámite del título?",precio
"Hola, ¿cuál es el costo del título universitario?",precio
"Disculpa, ¿el título digital es gratuito?",precio
"Hola, ¿cuál es el costo del título universitario?",precio
"Disculpa, ¿cuál es el costo del título universitario?",precio
"Disculpa, ¿cuál es el precio del título decorativo?",precio
"Hola, ¿cuál es el costo del título universitario?",precio
Cuál es el costo del título universitario?,precio
Cuál es el costo del título universitario?,precio
"Hola, ¿cuál es el precio del título decorativo?",precio
¿Debo pagar algo por el título?,precio
El título digital es gratuito?,precio
¿El título digital es gratuito?,precio
Cuál es el precio del título decorativo?,precio
Cuál es el costo del título universitario?,precio
¿cuánto cuesta el trámite del título?,precio
¿cuál es el precio del título decorativo?,precio
"Disculpa, ¿cuál es el costo del título universitario?",precio
"Hola, ¿el título digital es gratuito?",precio
"Disculpa, ¿cuánto cuesta el trámite del título?",precio
¿Cuál es el costo del título universitario?,precio
"Hola, ¿el título digital es gratuito?",precio
Cuál es el precio del título decorativo?,precio
"Disculpa, ¿cuál es el costo del título universitario?",precio
"Hola, ¿debo pagar algo por el título?",precio
"Hola, ¿cuánto cuesta el trámite del título?",precio
"Hola, ¿el título digital es gratuito?",precio
Cuánto cuesta el trámite del título?,precio
Cuál es el precio del título decorativo?,precio
¿Cuál es el precio del título decorativo?,precio
¿debo pagar algo por el título?,precio
"Hola, ¿cuál es el precio del título decorativo?",precio
"Disculpa, ¿cuánto cuesta el trámite del título?",precio
¿debo pagar algo por el título?,precio
¿cuál es el precio del título decorativo?,precio
¿Cuál es el precio del título decorativo?,precio
¿El título digital es gratuito?,precio
El título digital es gratuito?,precio
"Disculpa, ¿cuál es el precio del título decorativo?",precio
¿El título digital es gratuito?,precio
¿debo pagar algo por el título?,precio
¿el título digital es gratuito?,precio
¿Cuánto cuesta el trámite del título?,precio
¿Cuál es el costo del título universitario?,precio
¿debo pagar algo por el título?,precio
Cuánto cuesta el trámite del título?,precio
¿Cuál es el precio del título decorativo?,precio
¿Debo pagar algo por el título?,precio
¿Debo pagar algo por el título?,precio
¿El título digital es gratuito?,precio
¿cuánto cuesta el trámite del título?,precio
"Disculpa, ¿debo pagar algo por el título?",precio
"Disculpa, ¿cuál es el costo del título universitario?",precio
"Disculpa, ¿cuánto cuesta el trámite del título?",precio
"Hola, ¿cuál es el costo del título universitario?",precio
Cuál es el precio del título decorativo?,precio
"Disculpa, ¿debo pagar algo por el título?",precio
¿El título digital es gratuito?,precio
"Disculpa, ¿debo pagar algo por el título?",precio
¿el título digital es gratuito?,precio
"Hola, ¿debo pagar algo por el título?",precio
El título digital es gratuito?,precio
¿Cuál es el costo del título universitario?,precio
Cuál es el precio del título decorativo?,precio
¿cuánto cuesta el trámite del título?,precio
"Disculpa, ¿debo pagar algo por el título?",precio
"Hola, ¿el título digital es gratuito?",precio
"Hola, ¿el título digital es gratuito?",precio
"Hola, ¿cuál es el costo del título universitario?",precio
Cuánto cuesta el trámite del título?,precio
¿cuánto cuesta el trámite del título?,precio
"Disculpa, ¿cuál es el precio del título decorativo?",precio
¿debo pagar algo por el título?,precio
"Disculpa, ¿el título digital es gratuito?",precio
¿debo pagar algo por el título?,precio
"Hola, ¿cuál es el costo del título universitario?",precio
¿El título digital es gratuito?,precio
¿cuánto cuesta el trámite del título?,precio
Cuál es el precio del título decorativo?,precio
Cuánto cuesta el trámite del título?,precio
Cuál es el costo del título universitario?,precio
"Disculpa, ¿cuánto cuesta el trámite del título?",precio
¿debo pagar algo por el título?,precio
¿cuánto cuesta el trámite del título?,precio
Debo pagar algo por el título?,precio
"Disculpa, ¿debo pagar algo por el título?",precio
"Disculpa, ¿cuál es el precio del título decorativo?",precio
"Disculpa, ¿debo pagar algo por el título?",precio
¿debo pagar algo por el título?,precio
¿Cuál es el costo del título universitario?,precio
¿cuánto cuesta el trámite del título?,precio
Cuál es el costo del título universitario?,precio
¿cuánto cuesta el trámite del título?,precio
¿Cuál es el precio del título decorativo?,precio
"Disculpa, ¿qué requisitos hay para el trámite?",documentacion
Qué documentos necesito para tramitar el título?,documentacion
¿qué requisitos hay para el trámite?,documentacion
¿qué requisitos hay para el trámite?,documentacion
"Disculpa, ¿qué documentación tengo que llevar?",documentacion
"Disculpa, ¿qué papeles debo presentar?",documentacion
¿Qué requisitos hay para el trámite?,documentacion
¿Qué documentación tengo que llevar?,documentacion
¿Qué documentación tengo que llevar?,documentacion
¿qué debo presentar para el título?,documentacion
¿Qué debo presentar para el título?,documentacion
"Hola, ¿qué requisitos hay para el trámite?",documentacion
"Hola, ¿qué papeles debo presentar?",documentacion
¿Qué documentos necesito para tramitar el título?,documentacion
¿qué papeles debo presentar?,documentacion
¿qué debo presentar para el título?,documentacion
¿qué documentos necesito para tramitar el título?,documentacion
"Hola, ¿qué papeles debo presentar?",documentacion
¿Qué debo presentar para el título?,documentacion
"Hola, ¿qué papeles debo presentar?",documentacion
¿qué documentación tengo que llevar?,documentacion
Qué documentos necesito para tramitar el título?,documentacion
"Hola, ¿qué documentación tengo que llevar?",documentacion
"Disculpa, ¿qué papeles debo presentar?",documentacion
"Disculpa, ¿qué debo presentar para el título?",documentacion
Qué papeles debo presentar?,documentacion
Qué requisitos hay para el trámite?,documentacion
"Disculpa, ¿qué papeles debo presentar?",documentacion
"Hola, ¿qué requisitos hay para el trámite?",documentacion
¿qué debo presentar para el título?,documentacion
¿Qué documentos necesito para tramitar el título?,documentacion
¿Qué requisitos hay para el trámite?,documentacion
¿qué documentos necesito para tramitar el título?,documentacion
¿Qué documentos necesito para tramitar el título?,documentacion
"Hola, ¿qué debo presentar para el título?",documentacion
¿Qué debo presentar para el título?,documentacion
¿Qué debo presentar para el título?,documentacion
"Disculpa, ¿qué documentación tengo que llevar?",documentacion
"Hola, ¿qué documentación tengo que llevar?",documentacion
"Hola, ¿qué documentación tengo que llevar?",documentacion
Qué documentación tengo que llevar?,documentacion
"Hola, ¿qué debo presentar para el título?",documentacion
Qué debo presentar para el título?,documentacion
"Disculpa, ¿qué documentos necesito para tramitar el título?",documentacion
Qué requisitos hay para el trámite?,documentacion
Qué debo presentar para el título?,documentacion
"Disculpa, ¿qué documentación tengo que llevar?",documentacion
¿qué requisitos hay para el trámite?,documentacion
"Hola, ¿qué requisitos hay para el trámite?",documentacion
"Disculpa, ¿qué requisitos hay para el trámite?",documentacion
"Disculpa, ¿qué documentos necesito para tramitar el título?",documentacion
"Disculpa, ¿qué debo presentar para el título?",documentacion
¿qué documentos necesito para tramitar el título?,documentacion
¿qué papeles debo presentar?,documentacion
"Disculpa, ¿qué documentos necesito para tramitar el título?",documentacion
¿qué papeles debo presentar?,documentacion
¿Qué debo presentar para el título?,documentacion
¿Qué requisitos hay para el trámite?,documentacion
¿qué debo presentar para el título?,documentacion
"Hola, ¿qué debo presentar para el título?",documentacion
"Hola, ¿qué debo presentar para el título?",documentacion
Qué debo presentar para el título?,documentacion
¿qué debo presentar para el título?,documentacion
"Disculpa, ¿qué debo presentar para el título?",documentacion
¿qué requisitos hay para el trámite?,documentacion
¿qué documentos necesito para tramitar el título?,documentacion
Qué debo presentar para el título?,documentacion
"Hola, ¿qué documentación tengo que llevar?",documentacion
Qué papeles debo presentar?,documentacion
"Hola, ¿qué debo presentar para el título?",documentacion
Qué requisitos hay para el trámite?,documentacion
"Hola, ¿qué requisitos hay para el trámite?",documentacion
"Hola, ¿qué documentos necesito para tramitar el título?",documentacion
"Hola, ¿qué documentación tengo que llevar?",documentacion
Qué requisitos hay para el trámite?,documentacion
"Hola, ¿qué documentos necesito para tramitar el título?",documentacion
Qué documentos necesito para tramitar el título?,documentacion
¿Qué documentación tengo que llevar?,documentacion
¿qué documentación tengo que llevar?,documentacion
Qué documentación tengo que llevar?,documentacion
Qué debo presentar para el título?,documentacion
¿Qué documentos necesito para tramitar el título?,documentacion
Qué documentos necesito para tramitar el título?,documentacion
"Disculpa, ¿qué documentación tengo que llevar?",documentacion
Qué debo presentar para el título?,documentacion
¿Qué debo presentar para el título?,documentacion
¿Qué papeles debo presentar?,documentacion
"Disculpa, ¿qué requisitos hay para el trámite?",documentacion
Qué papeles debo presentar?,documentacion
¿Qué requisitos hay para el trámite?,documentacion
¿Qué documentos necesito para tramitar el título?,documentacion
Qué documentación tengo que llevar?,documentacion
Qué requisitos hay para el trámite?,documentacion
"Hola, ¿qué documentación tengo que llevar?",documentacion
¿Qué documentos necesito para tramitar el título?,documentacion
Qué papeles debo presentar?,documentacion
"Hola, ¿qué documentación tengo que llevar?",documentacion
"Disculpa, ¿qué papeles debo presentar?",documentacion
¿Qué documentos necesito para tramitar el título?,documentacion
"Disculpa, ¿qué papeles debo presentar?",documentacion
¿el formulario está en la web?,formulario
"Hola, ¿dónde consigo el formulario de cotejo?",formulario
"Hola, ¿puedo bajar el formulario desde algún sitio?",formulario
Puedo bajar el formulario desde algún sitio?,formulario
"Disculpa, ¿dónde se pide el formulario para el título?",formulario
¿Cómo obtengo el formulario académico?,formulario
¿dónde consigo el formulario de cotejo?,formulario
¿cómo obtengo el formulario académico?,formulario
"Disculpa, ¿el formulario está en la web?",formulario
¿Dónde consigo el formulario de cotejo?,formulario
Puedo bajar el formulario desde algún sitio?,formulario
"Disculpa, ¿dónde consigo el formulario de cotejo?",formulario
"Disculpa, ¿dónde consigo el formulario de cotejo?",formulario
Dónde consigo el formulario de cotejo?,formulario
Puedo bajar el formulario desde algún sitio?,formulario
"Hola, ¿dónde se pide el formulario para el título?",formulario
"Disculpa, ¿dónde se pide el formulario para el título?",formulario
¿el formulario está en la web?,formulario
¿El formulario está en la web?,formulario
¿El formulario está en la web?,formulario
"Disculpa, ¿el formulario está en la web?",formulario
Puedo bajar el formulario desde algún sitio?,formulario
"Hola, ¿puedo bajar el formulario desde algún sitio?",formulario
¿Puedo bajar el formulario desde algún sitio?,formulario
¿El formulario está en la web?,formulario
"Hola, ¿dónde se pide el formulario para el título?",formulario
Puedo bajar el formulario desde algún sitio?,formulario
"Disculpa, ¿dónde se pide el formulario para el título?",formulario
¿el formulario está en la web?,formulario
"Hola, ¿puedo bajar el formulario desde algún sitio?",formulario
"Hola, ¿cómo obtengo el formulario académico?",formulario
"Hola, ¿puedo bajar el formulario desde algún sitio?",formulario
¿Dónde se pide el formulario para el título?,formulario
¿Cómo obtengo el formulario académico?,formulario
"Hola, ¿dónde se pide el formulario para el título?",formulario
¿puedo bajar el formulario desde algún sitio?,formulario
"Disculpa, ¿dónde consigo el formulario de cotejo?",formulario
"Disculpa, ¿dónde se pide el formulario para el título?",formulario
"Hola, ¿el formulario está en la web?",formulario
"Disculpa, ¿puedo bajar el formulario desde algún sitio?",formulario
¿el formulario está en la web?,formulario
"Hola, ¿puedo bajar el formulario desde algún sitio?",formulario
¿cómo obtengo el formulario académico?,formulario
¿Dónde consigo el formulario de cotejo?,formulario
"Disculpa, ¿cómo obtengo el formulario académico?",formulario
Puedo bajar el formulario desde algún sitio?,formulario
"Hola, ¿cómo obtengo el formulario académico?",formulario
"Hola, ¿el formulario está en la web?",formulario
"Disculpa, ¿dónde consigo el formulario de cotejo?",formulario
Cómo obtengo el formulario académico?,formulario
¿el formulario está en la web?,formulario
Dónde consigo el formulario de cotejo?,formulario
"Disculpa, ¿cómo obtengo el formulario académico?",formulario
Cómo obtengo el formulario académico?,formulario
"Hola, ¿el formulario está en la web?",formulario
"Hola, ¿dónde consigo el formulario de cotejo?",formulario
¿El formulario está en la web?,formulario
"Hola, ¿dónde consigo el formulario de cotejo?",formulario
¿Dónde se pide el formulario para el título?,formulario
"Disculpa, ¿cómo obtengo el formulario académico?",formulario
"Hola, ¿dónde se pide el formulario para el título?",formulario
"Hola, ¿el formulario está en la web?",formulario
"Hola, ¿el formulario está en la web?",formulario
Puedo bajar el formulario desde algún sitio?,formulario
Dónde consigo el formulario de cotejo?,formulario
¿dónde se pide el formulario para el título?,formulario
Dónde consigo el formulario de cotejo?,formulario
Dónde se pide el formulario para el título?,formulario
Dónde consigo el formulario de cotejo?,formulario
"Hola, ¿el formulario está en la web?",formulario
¿Dónde se pide el formulario para el título?,formulario
Puedo bajar el formulario desde algún sitio?,formulario
Dónde se pide el formulario para el título?,formulario
"Disculpa, ¿cómo obtengo el formulario académico?",formulario
¿el formulario está en la web?,formulario
¿puedo bajar el formulario desde algún sitio?,formulario
"Disculpa, ¿el formulario está en la web?",formulario
¿puedo bajar el formulario desde algún sitio?,formulario
"Disculpa, ¿cómo obtengo el formulario académico?",formulario
"Hola, ¿puedo bajar el formulario desde algún sitio?",formulario
¿dónde consigo el formulario de cotejo?,formulario
Cómo obtengo el formulario académico?,formulario
Dónde se pide el formulario para el título?,formulario
¿dónde se pide el formulario para el título?,formulario
"Disculpa, ¿el formulario está en la web?",formulario
"Disculpa, ¿puedo bajar el formulario desde algún sitio?",formulario
"Disculpa, ¿dónde consigo el formulario de cotejo?",formulario
"Hola, ¿dónde se pide el formulario para el título?",formulario
"Disculpa, ¿puedo bajar el formulario desde algún sitio?",formulario
"Disculpa, ¿cómo obtengo el formulario académico?",formulario
¿el formulario está en la web?,formulario
¿dónde se pide el formulario para el título?,formulario
"Hola, ¿puedo bajar el formulario desde algún sitio?",formulario
"Hola, ¿dónde se pide el formulario para el título?",formulario
"Hola, ¿dónde se pide el formulario para el título?",formulario
"Disculpa, ¿puedo bajar el formulario desde algún sitio?",formulario
"Disculpa, ¿dónde se pide el formulario para el título?",formulario
"Disculpa, ¿cómo obtengo el formulario académico?",formulario
El formulario está en la web?,formulario
¿dónde consigo el formulario de cotejo?,formulario
El documento es obligatorio?,dni
¿Se necesita escanear el DNI?,dni
¿hay que presentar dni?,dni
"Hola, ¿debo llevar el dni?",dni
"Disculpa, ¿se necesita escanear el dni?",dni
"Disculpa, ¿debo llevar el dni?",dni
¿Se necesita escanear el DNI?,dni
"Disculpa, ¿hay que presentar dni?",dni
¿Piden frente y dorso del documento?,dni
Se necesita escanear el DNI?,dni
¿El documento es obligatorio?,dni
Piden frente y dorso del documento?,dni
"Disculpa, ¿piden frente y dorso del documento?",dni
"Disculpa, ¿se necesita escanear el dni?",dni
¿hay que presentar dni?,dni
"Disculpa, ¿el documento es obligatorio?",dni
El documento es obligatorio?,dni
"Disculpa, ¿el documento es obligatorio?",dni
"Hola, ¿piden frente y dorso del documento?",dni
¿se necesita escanear el dni?,dni
¿hay que presentar dni?,dni
Se necesita escanear el DNI?,dni
"Disculpa, ¿debo llevar el dni?",dni
¿el documento es obligatorio?,dni
"Hola, ¿se necesita escanear el dni?",dni
¿el documento es obligatorio?,dni
Hay que presentar DNI?,dni
"Hola, ¿debo llevar el dni?",dni
"Hola, ¿piden frente y dorso del documento?",dni
¿hay que presentar dni?,dni
"Disculpa, ¿hay que presentar dni?",dni
Hay que presentar DNI?,dni
Se necesita escanear el DNI?,dni
Se necesita escanear el DNI?,dni
¿piden frente y dorso del documento?,dni
¿Debo llevar el DNI?,dni
¿piden frente y dorso del documento?,dni
Piden frente y dorso del documento?,dni
¿debo llevar el dni?,dni
¿Hay que presentar DNI?,dni
Piden frente y dorso del documento?,dni
Piden frente y dorso del documento?,dni
¿Debo llevar el DNI?,dni
¿el documento es obligatorio?,dni
¿se necesita escanear el dni?,dni
"Disculpa, ¿piden frente y dorso del documento?",dni
"Hola, ¿el documento es obligatorio?",dni
¿hay que presentar dni?,dni
Hay que presentar DNI?,dni
"Hola, ¿hay que presentar dni?",dni
¿debo llevar el dni?,dni
¿Hay que presentar DNI?,dni
¿hay que presentar dni?,dni
Debo llevar el DNI?,dni
¿Debo llevar el DNI?,dni
Debo llevar el DNI?,dni
Debo llevar el DNI?,dni
"Hola, ¿hay que presentar dni?",dni
El documento es obligatorio?,dni
¿Debo llevar el DNI?,dni
"Disculpa, ¿debo llevar el dni?",dni
Debo llevar el DNI?,dni
"Disculpa, ¿hay que presentar dni?",dni
"Disculpa, ¿hay que presentar dni?",dni
¿el documento es obligatorio?,dni
Piden frente y dorso del documento?,dni
"Disculpa, ¿debo llevar el dni?",dni
"Hola, ¿debo llevar el dni?",dni
¿hay que presentar dni?,dni
"Hola, ¿piden frente y dorso del documento?",dni
¿Piden frente y dorso del documento?,dni
¿Debo llevar el DNI?,dni
"Hola, ¿piden frente y dorso del documento?",dni
¿Hay que presentar DNI?,dni
¿se necesita escanear el dni?,dni
"Disculpa, ¿hay que presentar dni?",dni
"Disculpa, ¿hay que presentar dni?",dni
"Hola, ¿el documento es obligatorio?",dni
¿Hay que presentar DNI?,dni
"Disculpa, ¿el documento es obligatorio?",dni
¿Piden frente y dorso del documento?,dni
"Disculpa, ¿debo llevar el dni?",dni
"Disculpa, ¿el documento es obligatorio?",dni
¿piden frente y dorso del documento?,dni
¿se necesita escanear el dni?,dni
¿El documento es obligatorio?,dni
¿Hay que presentar DNI?,dni
"Disculpa, ¿hay que presentar dni?",dni
"Hola, ¿el documento es obligatorio?",dni
"Hola, ¿hay que presentar dni?",dni
¿hay que presentar dni?,dni
"Hola, ¿hay que presentar dni?",dni
Hay que presentar DNI?,dni
¿El documento es obligatorio?,dni
"Disculpa, ¿piden frente y dorso del documento?",dni
¿piden frente y dorso del documento?,dni
¿hay que presentar dni?,dni
¿Debo llevar el DNI?,dni
¿Se necesita escanear el DNI?,dni
¿el documento es obligatorio?,dni
Necesito libre deuda de la biblioteca?,biblioteca
"Hola, ¿necesito libre deuda de la biblioteca?",biblioteca
¿necesito libre deuda de la biblioteca?,biblioteca
"Hola, ¿qué bibliotecas debo consultar para el trámite?",biblioteca
"Hola, ¿qué bibliotecas debo consultar para el trámite?",biblioteca
¿La biblioteca emite algún comprobante?,biblioteca
"Hola, ¿la biblioteca emite algún comprobante?",biblioteca
Cómo obtengo el libre deuda de FACENA?,biblioteca
Qué bibliotecas debo consultar para el trámite?,biblioteca
"Disculpa, ¿qué bibliotecas debo consultar para el trámite?",biblioteca
"Hola, ¿cómo obtengo el libre deuda de facena?",biblioteca
¿necesito libre deuda de la biblioteca?,biblioteca
Cómo obtengo el libre deuda de FACENA?,biblioteca
¿Cómo obtengo el libre deuda de FACENA?,biblioteca
¿dónde pido el libre deuda de la unne?,biblioteca
¿dónde pido el libre deuda de la unne?,biblioteca
Necesito libre deuda de la biblioteca?,biblioteca
¿qué bibliotecas debo consultar para el trámite?,biblioteca
Necesito libre deuda de la biblioteca?,biblioteca
¿Dónde pido el libre deuda de la UNNE?,biblioteca
"Disculpa, ¿dónde pido el libre deuda de la unne?",biblioteca
"Hola, ¿la biblioteca emite algún comprobante?",biblioteca
¿dónde pido el libre deuda de la unne?,biblioteca
Qué bibliotecas debo consultar para el trámite?,biblioteca
"Hola, ¿dónde pido el libre deuda de la unne?",biblioteca
"Hola, ¿necesito libre deuda de la biblioteca?",biblioteca
¿cómo obtengo el libre deuda de facena?,biblioteca
¿Cómo obtengo el libre deuda de FACENA?,biblioteca
"Hola, ¿la biblioteca emite algún comprobante?",biblioteca
¿Necesito libre deuda de la biblioteca?,biblioteca
¿Qué bibliotecas debo consultar para el trámite?,biblioteca
¿dónde pido el libre deuda de la unne?,biblioteca
¿Necesito libre deuda de la biblioteca?,biblioteca
¿necesito libre deuda de la biblioteca?,biblioteca
¿Dónde pido el libre deuda de la UNNE?,biblioteca
Cómo obtengo el libre deuda de FACENA?,biblioteca
La biblioteca emite algún comprobante?,biblioteca
"Hola, ¿dónde pido el libre deuda de la unne?",biblioteca
"Disculpa, ¿la biblioteca emite algún comprobante?",biblioteca
Dónde pido el libre deuda de la UNNE?,biblioteca
"Disculpa, ¿la biblioteca emite algún comprobante?",biblioteca
"Hola, ¿qué bibliotecas debo consultar para el trámite?",biblioteca
"Hola, ¿la biblioteca emite algún comprobante?",biblioteca
¿La biblioteca emite algún comprobante?,biblioteca
"Disculpa, ¿qué bibliotecas debo consultar para el trámite?",biblioteca
"Disculpa, ¿qué bibliotecas debo consultar para el trámite?",biblioteca
¿Cómo obtengo el libre deuda de FACENA?,biblioteca
¿la biblioteca emite algún comprobante?,biblioteca
¿cómo obtengo el libre deuda de facena?,biblioteca
La biblioteca emite algún comprobante?,biblioteca
"Hola, ¿necesito libre deuda de la biblioteca?",biblioteca
¿La biblioteca emite algún comprobante?,biblioteca
"Disculpa, ¿necesito libre deuda de la biblioteca?",biblioteca
¿cómo obtengo el libre deuda de facena?,biblioteca
¿qué bibliotecas debo consultar para el trámite?,biblioteca
"Hola, ¿dónde pido el libre deuda de la unne?",biblioteca
¿dónde pido el libre deuda de la unne?,biblioteca
"Disculpa, ¿dónde pido el libre deuda de la unne?",biblioteca
¿La biblioteca emite algún comprobante?,biblioteca
La biblioteca emite algún comprobante?,biblioteca
"Hola, ¿dónde pido el libre deuda de la unne?",biblioteca
"Hola, ¿qué bibliotecas debo consultar para el trámite?",biblioteca
"Disculpa, ¿qué bibliotecas debo consultar para el trámite?",biblioteca
"Hola, ¿necesito libre deuda de la biblioteca?",biblioteca
La biblioteca emite algún comprobante?,biblioteca
¿dónde pido el libre deuda de la unne?,biblioteca
¿La biblioteca emite algún comprobante?,biblioteca
"Hola, ¿qué bibliotecas debo consultar para el trámite?",biblioteca
La biblioteca emite algún comprobante?,biblioteca
¿La biblioteca emite algún comprobante?,biblioteca
¿Cómo obtengo el libre deuda de FACENA?,biblioteca
¿Cómo obtengo el libre deuda de FACENA?,biblioteca
"Disculpa, ¿qué bibliotecas debo consultar para el trámite?",biblioteca
Dónde pido el libre deuda de la UNNE?,biblioteca
"Hola, ¿dónde pido el libre deuda de la unne?",biblioteca
"Disculpa, ¿la biblioteca emite algún comprobante?",biblioteca
La biblioteca emite algún comprobante?,biblioteca
Dónde pido el libre deuda de la UNNE?,biblioteca
"Disculpa, ¿necesito libre deuda de la biblioteca?",biblioteca
Cómo obtengo el libre deuda de FACENA?,biblioteca
"Disculpa, ¿la biblioteca emite algún comprobante?",biblioteca
"Hola, ¿dónde pido el libre deuda de la unne?",biblioteca
¿dónde pido el libre deuda de la unne?,biblioteca
Necesito libre deuda de la biblioteca?,biblioteca
¿dónde pido el libre deuda de la unne?,biblioteca
"Disculpa, ¿necesito libre deuda de la biblioteca?",biblioteca
¿necesito libre deuda de la biblioteca?,biblioteca
"Hola, ¿necesito libre deuda de la biblioteca?",biblioteca
Necesito libre deuda de la biblioteca?,biblioteca
"Hola, ¿necesito libre deuda de la biblioteca?",biblioteca
Necesito libre deuda de la biblioteca?,biblioteca
¿dónde pido el libre deuda de la unne?,biblioteca
¿La biblioteca emite algún comprobante?,biblioteca
"Disculpa, ¿dónde pido el libre deuda de la unne?",biblioteca
"Hola, ¿cómo obtengo el libre deuda de facena?",biblioteca
Qué bibliotecas debo consultar para el trámite?,biblioteca
"Disculpa, ¿cómo obtengo el libre deuda de facena?",biblioteca
¿necesito libre deuda de la biblioteca?,biblioteca
"Hola, ¿cómo obtengo el libre deuda de facena?",biblioteca
¿La biblioteca emite algún comprobante?,biblioteca
¿Demora mucho el proceso?,duracion
"Hola, ¿cuánto tarda el trámite del título?",duracion
"Hola, ¿tardan en dar el título?",duracion
¿tardan en dar el título?,duracion
"Hola, ¿en qué tiempo se entrega el título?",duracion
"Disculpa, ¿en qué tiempo se entrega el título?",duracion
¿Cuántos días demora?,duracion
¿tardan en dar el título?,duracion
¿Demora mucho el proceso?,duracion
"Hola, ¿cuánto tarda el trámite del título?",duracion
Demora mucho el proceso?,duracion
"Disculpa, ¿en qué tiempo se entrega el título?",duracion
Cuántos días demora?,duracion
Tardan en dar el título?,duracion
"Disculpa, ¿cuántos días demora?",duracion
"Disculpa, ¿demora mucho el proceso?",duracion
"Disculpa, ¿cuánto tarda el trámite del título?",duracion
¿cuántos días demora?,duracion
¿En qué tiempo se entrega el título?,duracion
Demora mucho el proceso?,duracion
¿demora mucho el proceso?,duracion
"Hola, ¿tardan en dar el título?",duracion
Demora mucho el proceso?,duracion
Cuánto tarda el trámite del título?,duracion
"Disculpa, ¿cuánto tarda el trámite del título?",duracion
En qué tiempo se entrega el título?,duracion
"Hola, ¿cuánto tarda el trámite del título?",duracion
¿Tardan en dar el título?,duracion
"Disculpa, ¿cuánto tarda el trámite del título?",duracion
"Hola, ¿cuántos días demora?",duracion
¿Demora mucho el proceso?,duracion
"Disculpa, ¿demora mucho el proceso?",duracion
"Disculpa, ¿en qué tiempo se entrega el título?",duracion
"Disculpa, ¿tardan en dar el título?",duracion
"Disculpa, ¿cuánto tarda el trámite del título?",duracion
"Hola, ¿cuántos días demora?",duracion
En qué tiempo se entrega el título?,duracion
Demora mucho el proceso?,duracion
"Disculpa, ¿tardan en dar el título?",duracion
"Disculpa, ¿tardan en dar el título?",duracion
¿Demora mucho el proceso?,duracion
"Disculpa, ¿cuántos días demora?",duracion
Cuánto tarda el trámite del título?,duracion
¿Cuántos días demora?,duracion
¿cuánto tarda el trámite del título?,duracion
En qué tiempo se entrega el título?,duracion
"Disculpa, ¿tardan en dar el título?",duracion
¿Cuántos días demora?,duracion
"Hola, ¿demora mucho el proceso?",duracion
¿en qué tiempo se entrega el título?,duracion
"Hola, ¿en qué tiempo se entrega el título?",duracion
"Hola, ¿cuántos días demora?",duracion
Cuántos días demora?,duracion
¿En qué tiempo se entrega el título?,duracion
"Disculpa, ¿tardan en dar el título?",duracion
Cuánto tarda el trámite del título?,duracion
Demora mucho el proceso?,duracion
Tardan en dar el título?,duracion
"Disculpa, ¿en qué tiempo se entrega el título?",duracion
"Disculpa, ¿demora mucho el proceso?",duracion
Cuánto tarda el trámite del título?,duracion
¿en qué tiempo se entrega el título?,duracion
¿demora mucho el proceso?,duracion
Cuántos días demora?,duracion
¿Demora mucho el proceso?,duracion
"Disculpa, ¿tardan en dar el título?",duracion
"Hola, ¿en qué tiempo se entrega el título?",duracion
En qué tiempo se entrega el título?,duracion
"Hola, ¿tardan en dar el título?",duracion
"Disculpa, ¿tardan en dar el título?",duracion
"Hola, ¿cuántos días demora?",duracion
Cuánto tarda el trámite del título?,duracion
"Disculpa, ¿cuántos días demora?",duracion
¿Tardan en dar el título?,duracion
¿Tardan en dar el título?,duracion
Demora mucho el proceso?,duracion
En qué tiempo se entrega el título?,duracion
"Hola, ¿tardan en dar el título?",duracion
Demora mucho el proceso?,duracion
¿tardan en dar el título?,duracion
Demora mucho el proceso?,duracion
"Hola, ¿cuánto tarda el trámite del título?",duracion
¿Cuántos días demora?,duracion
¿tardan en dar el título?,duracion
Cuántos días demora?,duracion
"Disculpa, ¿tardan en dar el título?",duracion
"Hola, ¿tardan en dar el título?",duracion
¿en qué tiempo se entrega el título?,duracion
Cuánto tarda el trámite del título?,duracion
¿Cuánto tarda el trámite del título?,duracion
"Hola, ¿demora mucho el proceso?",duracion
"Hola, ¿en qué tiempo se entrega el título?",duracion
¿En qué tiempo se entrega el título?,duracion
¿Cuánto tarda el trámite del título?,duracion
¿cuántos días demora?,duracion
"Hola, ¿cuántos días demora?",duracion
¿en qué tiempo se entrega el título?,duracion
En qué tiempo se entrega el título?,duracion
¿cuánto tarda el trámite del título?,duracion
"Hola, ¿tardan en dar el título?",duracion
"Disculpa, ¿debo ir a la facultad?",donde_tramitar
Debo ir a la facultad?,donde_tramitar
¿Dónde hago el trámite?,donde_tramitar
A qué oficina debo ir?,donde_tramitar
¿Dónde se tramita el título decorativo?,donde_tramitar
¿A qué oficina debo ir?,donde_tramitar
¿a qué oficina debo ir?,donde_tramitar
¿Se hace presencial?,donde_tramitar
Se hace presencial?,donde_tramitar
"Disculpa, ¿debo ir a la facultad?",donde_tramitar
Dónde hago el trámite?,donde_tramitar
Debo ir a la facultad?,donde_tramitar
Debo ir a la facultad?,donde_tramitar
¿A qué oficina debo ir?,donde_tramitar
"Disculpa, ¿dónde se tramita el título decorativo?",donde_tramitar
"Hola, ¿a qué oficina debo ir?",donde_tramitar
¿Se hace presencial?,donde_tramitar
"Hola, ¿dónde se tramita el título decorativo?",donde_tramitar
Dónde se tramita el título decorativo?,donde_tramitar
¿se hace presencial?,donde_tramitar
¿dónde se tramita el título decorativo?,donde_tramitar
"Disculpa, ¿se hace presencial?",donde_tramitar
¿Debo ir a la facultad?,donde_tramitar
Dónde se tramita el título decorativo?,donde_tramitar
Dónde hago el trámite?,donde_tramitar
¿A qué oficina debo ir?,donde_tramitar
¿a qué oficina debo ir?,donde_tramitar
"Hola, ¿a qué oficina debo ir?",donde_tramitar
A qué oficina debo ir?,donde_tramitar
"Disculpa, ¿se hace presencial?",donde_tramitar
"Disculpa, ¿dónde hago el trámite?",donde_tramitar
"Hola, ¿dónde se tramita el título decorativo?",donde_tramitar
"Hola, ¿a qué oficina debo ir?",donde_tramitar
¿debo ir a la facultad?,donde_tramitar
Se hace presencial?,donde_tramitar
Dónde hago el trámite?,donde_tramitar
"Disculpa, ¿dónde hago el trámite?",donde_tramitar
"Disculpa, ¿dónde se tramita el título decorativo?",donde_tramitar
"Disculpa, ¿debo ir a la facultad?",donde_tramitar
"Disculpa, ¿debo ir a la facultad?",donde_tramitar
Dónde hago el trámite?,donde_tramitar
"Hola, ¿a qué oficina debo ir?",donde_tramitar
¿debo ir a la facultad?,donde_tramitar
¿A qué oficina debo ir?,donde_tramitar
¿A qué oficina debo ir?,donde_tramitar
Se hace presencial?,donde_tramitar
¿Debo ir a la facultad?,donde_tramitar
"Hola, ¿dónde se tramita el título decorativo?",donde_tramitar
¿Dónde hago el trámite?,donde_tramitar
"Hola, ¿dónde se tramita el título decorativo?",donde_tramitar
"Hola, ¿a qué oficina debo ir?",donde_tramitar
¿se hace presencial?,donde_tramitar
Debo ir a la facultad?,donde_tramitar
"Hola, ¿se hace presencial?",donde_tramitar
"Hola, ¿dónde hago el trámite?",donde_tramitar
Dónde hago el trámite?,donde_tramitar
"Hola, ¿a qué oficina debo ir?",donde_tramitar
¿dónde hago el trámite?,donde_tramitar
Debo ir a la facultad?,donde_tramitar
¿se hace presencial?,donde_tramitar
Dónde se tramita el título decorativo?,donde_tramitar
"Hola, ¿debo ir a la facultad?",donde_tramitar
Debo ir a la facultad?,donde_tramitar
"Disculpa, ¿se hace presencial?",donde_tramitar
"Hola, ¿dónde hago el trámite?",donde_tramitar
"Hola, ¿dónde hago el trámite?",donde_tramitar
Debo ir a la facultad?,donde_tramitar
"Hola, ¿dónde se tramita el título decorativo?",donde_tramitar
"Disculpa, ¿dónde se tramita el título decorativo?",donde_tramitar
"Disculpa, ¿dónde se tramita el título decorativo?",donde_tramitar
Dónde hago el trámite?,donde_tramitar
¿Dónde se tramita el título decorativo?,donde_tramitar
"Disculpa, ¿dónde se tramita el título decorativo?",donde_tramitar
Dónde se tramita el título decorativo?,donde_tramitar
Se hace presencial?,donde_tramitar
¿dónde hago el trámite?,donde_tramitar
"Disculpa, ¿se hace presencial?",donde_tramitar
Dónde se tramita el título decorativo?,donde_tramitar
"Hola, ¿dónde hago el trámite?",donde_tramitar
¿Se hace presencial?,donde_tramitar
¿a qué oficina debo ir?,donde_tramitar
Dónde hago el trámite?,donde_tramitar
¿A qué oficina debo ir?,donde_tramitar
¿debo ir a la facultad?,donde_tramitar
¿dónde se tramita el título decorativo?,donde_tramitar
¿Debo ir a la facultad?,donde_tramitar
¿dónde hago el trámite?,donde_tramitar
¿A qué oficina debo ir?,donde_tramitar
"Disculpa, ¿se hace presencial?",donde_tramitar
¿Debo ir a la facultad?,donde_tramitar
"Disculpa, ¿a qué oficina debo ir?",donde_tramitar
Se hace presencial?,donde_tramitar
"Hola, ¿se hace presencial?",donde_tramitar
¿Dónde se tramita el título decorativo?,donde_tramitar
¿a qué oficina debo ir?,donde_tramitar
"Hola, ¿a qué oficina debo ir?",donde_tramitar
¿Se hace presencial?,donde_tramitar
¿se hace presencial?,donde_tramitar
Debo ir a la facultad?,donde_tramitar
"Hola, ¿dónde hago el trámite?",donde_tramitar
"Cuál conviene más, el título digital o decorativo?",digital_vs_decorativo
¿Qué diferencia hay entre el digital y el decorativo?,digital_vs_decorativo
"¿cuál conviene más, el título digital o decorativo?",digital_vs_decorativo
"Disculpa, ¿qué ventajas tiene el digital?",digital_vs_decorativo
"Hola, ¿qué ventajas tiene el digital?",digital_vs_decorativo
¿qué ventajas tiene el digital?,digital_vs_decorativo
"Hola, ¿qué diferencia hay entre el digital y el decorativo?",digital_vs_decorativo
"Disculpa, ¿cuál es más rápido, el digital o el decorativo?",digital_vs_decorativo
¿Qué ventajas tiene el digital?,digital_vs_decorativo
¿puedo pedir los dos tipos de título?,digital_vs_decorativo
Puedo pedir los dos tipos de título?,digital_vs_decorativo
Puedo pedir los dos tipos de título?,digital_vs_decorativo
"¿Cuál es más rápido, el digital o el decorativo?",digital_vs_decorativo
"¿Cuál conviene más, el título digital o decorativo?",digital_vs_decorativo
"Hola, ¿cuál es más rápido, el digital o el decorativo?",digital_vs_decorativo
"Cuál es más rápido, el digital o el decorativo?",digital_vs_decorativo
"Disculpa, ¿qué diferencia hay entre el digital y el decorativo?",digital_vs_decorativo
"¿cuál conviene más, el título digital o decorativo?",digital_vs_decorativo
"Hola, ¿qué ventajas tiene el digital?",digital_vs_decorativo
"Disculpa, ¿cuál conviene más, el título digital o decorativo?",digital_vs_decorativo
¿Qué diferencia hay entre el digital y el decorativo?,digital_vs_decorativo
Qué ventajas tiene el digital?,digital_vs_decorativo
Qué diferencia hay entre el digital y el decorativo?,digital_vs_decorativo
¿qué diferencia hay entre el digital y el decorativo?,digital_vs_decorativo
Qué ventajas tiene el digital?,digital_vs_decorativo
"Hola, ¿qué ventajas tiene el digital?",digital_vs_decorativo
"¿Cuál es más rápido, el digital o el decorativo?",digital_vs_decorativo
¿Puedo pedir los dos tipos de título?,digital_vs_decorativo
¿Qué diferencia hay entre el digital y el decorativo?,digital_vs_decorativo
"¿Cuál conviene más, el título digital o decorativo?",digital_vs_decorativo
¿qué ventajas tiene el digital?,digital_vs_decorativo
"Cuál es más rápido, el digital o el decorativo?",digital_vs_decorativo
"Disculpa, ¿qué ventajas tiene el digital?",digital_vs_decorativo
"Hola, ¿puedo pedir los dos tipos de título?",digital_vs_decorativo
¿puedo pedir los dos tipos de título?,digital_vs_decorativo
"Hola, ¿cuál conviene más, el título digital o decorativo?",digital_vs_decorativo
Qué ventajas tiene el digital?,digital_vs_decorativo
"Disculpa, ¿cuál es más rápido, el digital o el decorativo?",digital_vs_decorativo
"Cuál conviene más, el título digital o decorativo?",digital_vs_decorativo
Puedo pedir los dos tipos de título?,digital_vs_decorativo
¿puedo pedir los dos tipos de título?,digital_vs_decorativo
"¿cuál conviene más, el título digital o decorativo?",digital_vs_decorativo
¿Qué ventajas tiene el digital?,digital_vs_decorativo
Qué ventajas tiene el digital?,digital_vs_decorativo
"¿Cuál conviene más, el título digital o decorativo?",digital_vs_decorativo
¿qué diferencia hay entre el digital y el decorativo?,digital_vs_decorativo
¿Qué diferencia hay entre el digital y el decorativo?,digital_vs_decorativo
"Disculpa, ¿puedo pedir los dos tipos de título?",digital_vs_decorativo
"¿Cuál conviene más, el título digital o decorativo?",digital_vs_decorativo
"Hola, ¿cuál es más rápido, el digital o el decorativo?",digital_vs_decorativo
¿qué diferencia hay entre el digital y el decorativo?,digital_vs_decorativo
"¿cuál conviene más, el título digital o decorativo?",digital_vs_decorativo
¿Qué ventajas tiene el digital?,digital_vs_decorativo
"Disculpa, ¿cuál es más rápido, el digital o el decorativo?",digital_vs_decorativo
¿puedo pedir los dos tipos de título?,digital_vs_decorativo
"Disculpa, ¿qué ventajas tiene el digital?",digital_vs_decorativo
¿qué ventajas tiene el digital?,digital_vs_decorativo
"Hola, ¿qué ventajas tiene el digital?",digital_vs_decorativo
"Hola, ¿qué diferencia hay entre el digital y el decorativo?",digital_vs_decorativo
Qué diferencia hay entre el digital y el decorativo?,digital_vs_decorativo
"Disculpa, ¿qué diferencia hay entre el digital y el decorativo?",digital_vs_decorativo
"Hola, ¿cuál es más rápido, el digital o el decorativo?",digital_vs_decorativo
"Disculpa, ¿qué diferencia hay entre el digital y el decorativo?",digital_vs_decorativo
"¿cuál es más rápido, el digital o el decorativo?",digital_vs_decorativo
"¿Cuál conviene más, el título digital o decorativo?",digital_vs_decorativo
"Cuál conviene más, el título digital o decorativo?",digital_vs_decorativo
"Hola, ¿cuál es más rápido, el digital o el decorativo?",digital_vs_decorativo
Qué diferencia hay entre el digital y el decorativo?,digital_vs_decorativo
¿puedo pedir los dos tipos de título?,digital_vs_decorativo
¿Qué diferencia hay entre el digital y el decorativo?,digital_vs_decorativo
¿Qué ventajas tiene el digital?,digital_vs_decorativo
"Hola, ¿puedo pedir los dos tipos de título?",digital_vs_decorativo
¿qué ventajas tiene el digital?,digital_vs_decorativo
"Hola, ¿cuál es más rápido, el digital o el decorativo?",digital_vs_decorativo
"Disculpa, ¿puedo pedir los dos tipos de título?",digital_vs_decorativo
"Disculpa, ¿qué ventajas tiene el digital?",digital_vs_decorativo
"Cuál conviene más, el título digital o decorativo?",digital_vs_decorativo
¿qué ventajas tiene el digital?,digital_vs_decorativo
"¿Cuál conviene más, el título digital o decorativo?",digital_vs_decorativo
"Disculpa, ¿qué ventajas tiene el digital?",digital_vs_decorativo
¿qué ventajas tiene el digital?,digital_vs_decorativo
"Cuál conviene más, el título digital o decorativo?",digital_vs_decorativo
"Hola, ¿qué diferencia hay entre el digital y el decorativo?",digital_vs_decorativo
"¿Cuál es más rápido, el digital o el decorativo?",digital_vs_decorativo
"Hola, ¿cuál conviene más, el título digital o decorativo?",digital_vs_decorativo
"Disculpa, ¿qué ventajas tiene el digital?",digital_vs_decorativo
"Disculpa, ¿cuál es más rápido, el digital o el decorativo?",digital_vs_decorativo
"Hola, ¿qué diferencia hay entre el digital y el decorativo?",digital_vs_decorativo
¿Qué diferencia hay entre el digital y el decorativo?,digital_vs_decorativo
"Disculpa, ¿qué diferencia hay entre el digital y el decorativo?",digital_vs_decorativo
"Hola, ¿cuál es más rápido, el digital o el decorativo?",digital_vs_decorativo
"Hola, ¿qué diferencia hay entre el digital y el decorativo?",digital_vs_decorativo
"Cuál conviene más, el título digital o decorativo?",digital_vs_decorativo
¿qué diferencia hay entre el digital y el decorativo?,digital_vs_decorativo
"Disculpa, ¿qué diferencia hay entre el digital y el decorativo?",digital_vs_decorativo
"Cuál es más rápido, el digital o el decorativo?",digital_vs_decorativo
"¿cuál es más rápido, el digital o el decorativo?",digital_vs_decorativo
¿qué ventajas tiene el digital?,digital_vs_decorativo
"Hola, ¿qué diferencia hay entre el digital y el decorativo?",digital_vs_decorativo
"Hola, ¿cuál es más rápido, el digital o el decorativo?",digital_vs_decorativo
¿En qué horarios atienden?,horarios
"Disculpa, ¿a qué hora abre la oficina?",horarios
En qué horarios atienden?,horarios
"Disculpa, ¿qué días hacen trámites?",horarios
¿en qué horarios atienden?,horarios
"Disculpa, ¿a qué hora abre la oficina?",horarios
¿qué días hacen trámites?,horarios
"Hola, ¿en qué horarios atienden?",horarios
"Disculpa, ¿en qué horarios atienden?",horarios
"Disculpa, ¿hasta qué hora atienden?",horarios
¿qué días hacen trámites?,horarios
En qué horarios atienden?,horarios
En qué horarios atienden?,horarios
"Disculpa, ¿hasta qué hora atienden?",horarios
En qué horarios atienden?,horarios
"Hola, ¿a qué hora abre la oficina?",horarios
¿Cuándo puedo ir a hacer el trámite?,horarios
En qué horarios atienden?,horarios
"Disculpa, ¿hasta qué hora atienden?",horarios
¿qué días hacen trámites?,horarios
¿Cuándo puedo ir a hacer el trámite?,horarios
¿En qué horarios atienden?,horarios
¿Qué días hacen trámites?,horarios
En qué horarios atienden?,horarios
En qué horarios atienden?,horarios
"Disculpa, ¿en qué horarios atienden?",horarios
"Disculpa, ¿qué días hacen trámites?",horarios
¿en qué horarios atienden?,horarios
¿a qué hora abre la oficina?,horarios
"Disculpa, ¿hasta qué hora atienden?",horarios
Cuándo puedo ir a hacer el trámite?,horarios
"Disculpa, ¿en qué horarios atienden?",horarios
En qué horarios atienden?,horarios
"Hola, ¿en qué horarios atienden?",horarios
"Hola, ¿en qué horarios atienden?",horarios
¿Hasta qué hora atienden?,horarios
"Hola, ¿cuándo puedo ir a hacer el trámite?",horarios
Cuándo puedo ir a hacer el trámite?,horarios
"Disculpa, ¿a qué hora abre la oficina?",horarios
"Hola, ¿qué días hacen trámites?",horarios
¿cuándo puedo ir a hacer el trámite?,horarios
¿qué días hacen trámites?,horarios
¿en qué horarios atienden?,horarios
"Disculpa, ¿hasta qué hora atienden?",horarios
"Hola, ¿cuándo puedo ir a hacer el trámite?",horarios
¿Cuándo puedo ir a hacer el trámite?,horarios
¿A qué hora abre la oficina?,horarios
Hasta qué hora atienden?,horarios
¿A qué hora abre la oficina?,horarios
¿En qué horarios atienden?,horarios
¿A qué hora abre la oficina?,horarios
"Disculpa, ¿qué días hacen trámites?",horarios
¿En qué horarios atienden?,horarios
Cuándo puedo ir a hacer el trámite?,horarios
¿A qué hora abre la oficina?,horarios
En qué horarios atienden?,horarios
¿A qué hora abre la oficina?,horarios
¿cuándo puedo ir a hacer el trámite?,horarios
¿cuándo puedo ir a hacer el trámite?,horarios
¿cuándo puedo ir a hacer el trámite?,horarios
"Hola, ¿hasta qué hora atienden?",horarios
¿qué días hacen trámites?,horarios
¿Cuándo puedo ir a hacer el trámite?,horarios
"Disculpa, ¿qué días hacen trámites?",horarios
En qué horarios atienden?,horarios
"Disculpa, ¿en qué horarios atienden?",horarios
"Disculpa, ¿a qué hora abre la oficina?",horarios
¿qué días hacen trámites?,horarios
¿En qué horarios atienden?,horarios
¿hasta qué hora atienden?,horarios
"Hola, ¿en qué horarios atienden?",horarios
¿hasta qué hora atienden?,horarios
"Hola, ¿cuándo puedo ir a hacer el trámite?",horarios
¿en qué horarios atienden?,horarios
¿A qué hora abre la oficina?,horarios
"Disculpa, ¿hasta qué hora atienden?",horarios
¿A qué hora abre la oficina?,horarios
"Disculpa, ¿hasta qué hora atienden?",horarios
"Disculpa, ¿cuándo puedo ir a hacer el trámite?",horarios
"Hola, ¿en qué horarios atienden?",horarios
"Disculpa, ¿hasta qué hora atienden?",horarios
¿Qué días hacen trámites?,horarios
¿qué días hacen trámites?,horarios
"Disculpa, ¿qué días hacen trámites?",horarios
En qué horarios atienden?,horarios
¿A qué hora abre la oficina?,horarios
¿Hasta qué hora atienden?,horarios
"Hola, ¿hasta qué hora atienden?",horarios
"Disculpa, ¿cuándo puedo ir a hacer el trámite?",horarios
"Disculpa, ¿cuándo puedo ir a hacer el trámite?",horarios
"Disculpa, ¿cuándo puedo ir a hacer el trámite?",horarios
"Disculpa, ¿qué días hacen trámites?",horarios
A qué hora abre la oficina?,horarios
A qué hora abre la oficina?,horarios
A qué hora abre la oficina?,horarios
¿hasta qué hora atienden?,horarios
¿Hasta qué hora atienden?,horarios
¿hasta qué hora atienden?,horarios
Hasta qué hora atienden?,horarios
¿en qué horarios atienden?,horarios
Tengo una duda sobre el título,consultas
¿a qué correo escribo por dudas?,consultas
¿a qué correo escribo por dudas?,consultas
Con quién puedo hablar por consultas?,consultas
Tengo una duda sobre el título,consultas
¿con quién puedo hablar por consultas?,consultas
"Disculpa, ¿con quién puedo hablar por consultas?",consultas
¿quién responde preguntas sobre el trámite?,consultas
¿a qué correo escribo por dudas?,consultas
"Hola, tengo una duda sobre el título",consultas
¿A qué correo escribo por dudas?,consultas
"Disculpa, tengo una duda sobre el título",consultas
¿dónde puedo preguntar algo sobre el título?,consultas
¿Quién responde preguntas sobre el trámite?,consultas
Tengo una duda sobre el título?,consultas
¿dónde puedo preguntar algo sobre el título?,consultas
¿A qué correo escribo por dudas?,consultas
Tengo una duda sobre el título?,consultas
tengo una duda sobre el título,consultas
"Disculpa, ¿quién responde preguntas sobre el trámite?",consultas
¿Quién responde preguntas sobre el trámite?,consultas
"Hola, ¿con quién puedo hablar por consultas?",consultas
¿Quién responde preguntas sobre el trámite?,consultas
¿A qué correo escribo por dudas?,consultas
"Disculpa, ¿quién responde preguntas sobre el trámite?",consultas
Tengo una duda sobre el título,consultas
¿Quién responde preguntas sobre el trámite?,consultas
Dónde puedo preguntar algo sobre el título?,consultas
Tengo una duda sobre el título,consultas
"Disculpa, ¿a qué correo escribo por dudas?",consultas
¿Dónde puedo preguntar algo sobre el título?,consultas
¿quién responde preguntas sobre el trámite?,consultas
Tengo una duda sobre el título,consultas
¿dónde puedo preguntar algo sobre el título?,consultas
¿Dónde puedo preguntar algo sobre el título?,consultas
"Disculpa, ¿a qué correo escribo por dudas?",consultas
"Disculpa, ¿dónde puedo preguntar algo sobre el título?",consultas
"Hola, ¿a qué correo escribo por dudas?",consultas
¿Quién responde preguntas sobre el trámite?,consultas
tengo una duda sobre el título,consultas
"Disculpa, ¿dónde puedo preguntar algo sobre el título?",consultas
Con quién puedo hablar por consultas?,consultas
Quién responde preguntas sobre el trámite?,consultas
¿Quién responde preguntas sobre el trámite?,consultas
"Hola, ¿con quién puedo hablar por consultas?",consultas
"Disculpa, ¿a qué correo escribo por dudas?",consultas
"Hola, ¿a qué correo escribo por dudas?",consultas
"Hola, ¿con quién puedo hablar por consultas?",consultas
"Disculpa, ¿con quién puedo hablar por consultas?",consultas
Tengo una duda sobre el título?,consultas
¿Quién responde preguntas sobre el trámite?,consultas
"Disculpa, tengo una duda sobre el título",consultas
¿dónde puedo preguntar algo sobre el título?,consultas
"Disculpa, tengo una duda sobre el título",consultas
"Disculpa, ¿dónde puedo preguntar algo sobre el título?",consultas
"Disculpa, ¿dónde puedo preguntar algo sobre el título?",consultas
"Hola, ¿a qué correo escribo por dudas?",consultas
"Hola, ¿con quién puedo hablar por consultas?",consultas
Tengo una duda sobre el título,consultas
"Hola, ¿con quién puedo hablar por consultas?",consultas
"Disculpa, ¿con quién puedo hablar por consultas?",consultas
tengo una duda sobre el título,consultas
"Hola, ¿quién responde preguntas sobre el trámite?",consultas
¿Dónde puedo preguntar algo sobre el título?,consultas
"Hola, ¿dónde puedo preguntar algo sobre el título?",consultas
A qué correo escribo por dudas?,consultas
¿con quién puedo hablar por consultas?,consultas
¿Quién responde preguntas sobre el trámite?,consultas
"Disculpa, ¿dónde puedo preguntar algo sobre el título?",consultas
A qué correo escribo por dudas?,consultas
"Hola, ¿con quién puedo hablar por consultas?",consultas
"Hola, ¿dónde puedo preguntar algo sobre el título?",consultas
¿A qué correo escribo por dudas?,consultas
¿quién responde preguntas sobre el trámite?,consultas
Con quién puedo hablar por consultas?,consultas
Tengo una duda sobre el título?,consultas
Tengo una duda sobre el título,consultas
"Hola, ¿a qué correo escribo por dudas?",consultas
"Hola, ¿con quién puedo hablar por consultas?",consultas
"Disculpa, ¿quién responde preguntas sobre el trámite?",consultas
¿a qué correo escribo por dudas?,consultas
¿A qué correo escribo por dudas?,consultas
Quién responde preguntas sobre el trámite?,consultas
¿quién responde preguntas sobre el trámite?,consultas
"Hola, ¿quién responde preguntas sobre el trámite?",consultas
¿Quién responde preguntas sobre el trámite?,consultas
"Disculpa, tengo una duda sobre el título",consultas
"Disculpa, ¿a qué correo escribo por dudas?",consultas
¿Dónde puedo preguntar algo sobre el título?,consultas
Quién responde preguntas sobre el trámite?,consultas
¿con quién puedo hablar por consultas?,consultas
¿quién responde preguntas sobre el trámite?,consultas
¿A qué correo escribo por dudas?,consultas
A qué correo escribo por dudas?,consultas
"Hola, ¿quién responde preguntas sobre el trámite?",consultas
Tengo una duda sobre el título?,consultas
¿quién responde preguntas sobre el trámite?,consultas
tengo una duda sobre el título,consultas
"Hola, ¿dónde puedo preguntar algo sobre el título?",consultas
¿Quién responde preguntas sobre el trámite?,consultas
